Person,State
Anna Andreadi,Illinois
Anna Andreadi,Indiana
Anna Andreadi,Iowa
Anna Andreadi,Kansas
Anna Andreadi,Michigan
Anna Andreadi,Minnesota
Anna Andreadi,Missouri
Anna Andreadi,Nebraska
Anna Andreadi,North Dakota
Anna Andreadi,Oklahoma
Anna Andreadi,South Dakota
Anna Andreadi,Texas
Anna Andreadi,Wisconsin
Chuck Magee,Connecticut
Chuck Magee,Delaware
Chuck Magee,District of Columbia
Chuck Magee,Maine
Chuck Magee,Maryland
Chuck Magee,Massachusetts
Chuck Magee,New Hampshire
Chuck Magee,New Jersey
Chuck Magee,New York
Chuck Magee,Ohio
Chuck Magee,Pennsylvania
Chuck Magee,Rhode Island
Chuck Magee,Vermont
Chuck Magee,West Virginia
Kelly Williams,Alabama
Kelly Williams,Arkansas
Kelly Williams,Florida
Kelly Williams,Georgia
Kelly Williams,Kentucky
Kelly Williams,Louisiana
Kelly Williams,Mississippi
Kelly Williams,North Carolina
Kelly Williams,South Carolina
Kelly Williams,Tennessee
Kelly Williams,Virginia
Matt Collister,Arizona
Matt Collister,California
Matt Collister,Colorado
Matt Collister,Idaho
Matt Collister,Montana
Matt Collister,Nevada
Matt Collister,New Mexico
Matt Collister,Oregon
Matt Collister,Utah
Matt Collister,Washington
Matt Collister,Wyoming
Eric Barreto,Washington
Cassandra Brandow,Illinois
Cassandra Brandow,Indiana
Cassandra Brandow,Iowa
Cassandra Brandow,Kansas
Cassandra Brandow,Michigan
Cassandra Brandow,Minnesota
Cassandra Brandow,Missouri
Cassandra Brandow,Nebraska
Cassandra Brandow,North Dakota
Cassandra Brandow,Oklahoma
Cassandra Brandow,South Dakota
Cassandra Brandow,Texas
Cassandra Brandow,Wisconsin
Cassandra Brandow,Connecticut
Cassandra Brandow,Delaware
Cassandra Brandow,District of Columbia
Cassandra Brandow,Maine
Cassandra Brandow,Maryland
Cassandra Brandow,Massachusetts
Cassandra Brandow,New Hampshire
Cassandra Brandow,New Jersey
Cassandra Brandow,New York
Cassandra Brandow,Ohio
Cassandra Brandow,Pennsylvania
Cassandra Brandow,Rhode Island
Cassandra Brandow,Vermont
Cassandra Brandow,West Virginia
Cassandra Brandow,Alabama
Cassandra Brandow,Arkansas
Cassandra Brandow,Florida
Cassandra Brandow,Georgia
Cassandra Brandow,Kentucky
Cassandra Brandow,Louisiana
Cassandra Brandow,Mississippi
Cassandra Brandow,North Carolina
Cassandra Brandow,South Carolina
Cassandra Brandow,Tennessee
Cassandra Brandow,Virginia
Cassandra Brandow,Arizona
Cassandra Brandow,California
Cassandra Brandow,Colorado
Cassandra Brandow,Idaho
Cassandra Brandow,Montana
Cassandra Brandow,Nevada
Cassandra Brandow,New Mexico
Cassandra Brandow,Oregon
Cassandra Brandow,Utah
Cassandra Brandow,Washington
Cassandra Brandow,Wyoming
